L1,L2,L3,L4,L5,Mirapolis L4,"Ответ Агроэко L4 в «Агроэко»
Офис
Масс","ФИО ""Агроэко""","Комментарии/уточнения
Офис
Масс
Первичные",Комментарии со встреч,Комментарии со встреч (Адаптация/Подбор - Офис),"Проблема текущего состояния
Офис
Масс
Первичные","Предожение по решению /улучшению HCM 
Офис
Масс
Первичные",Функциональные требования,Инициирующее событие,Исполнитель,Описание шага,Действие в системе,Функциональные требования к процессу L2,"Функциональные требования к процессу L2 (старая сокращенная версия, оставила для того, чтобы проще было брать формулировки для редактирования колонки S)",Валидация,Комментарий (нужна доработка/есть в коробке),status
2. Подбор персонала,2.4. Запрос согласия на обработку персональных данных,2.4.1. Подготовка документации,2.4.1.1. Формирование согласия на обработку персональных данных,2.4.1.1.1. Подготовка типовой формы согласия,Да,"Офис: требуется внедрение Mirapolis
_____
Масс: требуется внедрение Mirapolis",Филимонова,"подписываем только на этапе СБ, когда идет проверка______________подписываем только на этапе СБ, когда идет проверка______________подписываем только на этапе СБ, когда идет проверка","Будет отправляться по нажатию на кнопку в системе

Есть пожелания ""простой"" реализации: например, в конце самого первого письма/чата в ХХ указывать: ""Если Вы ответили на это письмо, то автоматически соглашаетесь на обработку перс. данных""
С авито: нужно смотреть API, нужен доп анализ для понимания того, что получится ""вытянуть""

Масс: у многих кандидатов нет почты",,"Офис: но надо
_____
Масс: но надо
_____
Первичные: но надо","Офис: кандидат попадая к нам в базщу получает уведопление простое в мессенжер или почту, кликает о согласии согласие подгружается к кмандидату.
_____
Масс:
_____
Первичные:","QA7. Электронная фиксация согласия кандидата (ФИО, дата рождения, текст согласия на обработку ПДн, полиграф, кредитную историю и пр., дата, подпись).

PR20. Фиксация согласий кандидата: обработка ПДн (ФЗ-152), псих. тестирование, полиграф, кредитная история (желательно хранить текст и дату).

В процессах подбора, где используется ПДн кандидата, проверки или хранение согласий, должна быть реализована интеграция с внешней системой Р-конформ (или аналогом):

передача данных кандидата (в рамках согласия);

получение статусов проверок/согласий;

возможность ссылаться на документы/записи, хранящиеся в Р-конформ.",Отправка по нажатию на кнопку в системе,,"Подготовка типовой формы согласия, подписываемой на этапе СБ при проверке.",,,,,,done
2. Подбор персонала,2.4. Запрос согласия на обработку персональных данных,2.4.1. Подготовка документации,2.4.1.1. Формирование согласия на обработку персональных данных,2.4.1.1.2. Актуализация в соответствии с законодательством,Да,"Офис: требуется внедрение Mirapolis
_____
Масс: требуется внедрение Mirapolis",Филимонова,"Офис: подписываем только на этапе СБ, когда идет проверка
_____
Масс: подписываем только на этапе СБ, когда идет проверка
_____
Первичные: подписываем только на этапе СБ, когда идет проверка",,,"Офис: но надо
_____
Масс: но надо
_____
Первичные: но надо","кандидат попадая к нам в базщу получает уведопление простое в мессенжер или почту, кликает о согласии согласие подгружается к кмандидату.______________0______________","QA7. Электронная фиксация согласия кандидата (ФИО, дата рождения, текст согласия на обработку ПДн, полиграф, кредитную историю и пр., дата, подпись).

PR20. Фиксация согласий кандидата: обработка ПДн (ФЗ-152), псих. тестирование, полиграф, кредитная история (желательно хранить текст и дату).

В процессах подбора, где используется ПДн кандидата, проверки или хранение согласий, должна быть реализована интеграция с внешней системой Р-конформ (или аналогом):

передача данных кандидата (в рамках согласия);

получение статусов проверок/согласий;

возможность ссылаться на документы/записи, хранящиеся в Р-конформ.",,,,,,,,,
2. Подбор персонала,2.4. Запрос согласия на обработку персональных данных,2.4.1. Подготовка документации,2.4.1.1. Формирование согласия на обработку персональных данных,2.4.1.1.3. Указание целей обработки персональных данных,Да,"Офис: требуется внедрение Mirapolis
_____
Масс: требуется внедрение Mirapolis",Филимонова,"Офис: подписываем только на этапе СБ, когда идет проверка
_____
Масс: подписываем только на этапе СБ, когда идет проверка
_____
Первичные: подписываем только на этапе СБ, когда идет проверка",,,"Офис: но надо
_____
Масс: но надо
_____
Первичные: но надо","кандидат попадая к нам в базщу получает уведопление простое в мессенжер или почту, кликает о согласии согласие подгружается к кмандидату.______________0______________","QA7. Электронная фиксация согласия кандидата (ФИО, дата рождения, текст согласия на обработку ПДн, полиграф, кредитную историю и пр., дата, подпись).

PR20. Фиксация согласий кандидата: обработка ПДн (ФЗ-152), псих. тестирование, полиграф, кредитная история (желательно хранить текст и дату).

В процессах подбора, где используется ПДн кандидата, проверки или хранение согласий, должна быть реализована интеграция с внешней системой Р-конформ (или аналогом):

передача данных кандидата (в рамках согласия);

получение статусов проверок/согласий;

возможность ссылаться на документы/записи, хранящиеся в Р-конформ.",,,,,,,,,
2. Подбор персонала,2.4. Запрос согласия на обработку персональных данных,2.4.1. Подготовка документации,2.4.1.1. Формирование согласия на обработку персональных данных,2.4.1.1.4. Определение срока хранения данных,Да,"Офис: требуется внедрение Mirapolis
_____
Масс: требуется внедрение Mirapolis",Филимонова,"Офис: подписываем только на этапе СБ, когда идет проверка
_____
Масс: подписываем только на этапе СБ, когда идет проверка
_____
Первичные: подписываем только на этапе СБ, когда идет проверка",,,"Офис: но надо
_____
Масс: но надо
_____
Первичные: но надо","кандидат попадая к нам в базщу получает уведопление простое в мессенжер или почту, кликает о согласии согласие подгружается к кмандидату.______________0______________","QA7. Электронная фиксация согласия кандидата (ФИО, дата рождения, текст согласия на обработку ПДн, полиграф, кредитную историю и пр., дата, подпись).

PR20. Фиксация согласий кандидата: обработка ПДн (ФЗ-152), псих. тестирование, полиграф, кредитная история (желательно хранить текст и дату).

В процессах подбора, где используется ПДн кандидата, проверки или хранение согласий, должна быть реализована интеграция с внешней системой Р-конформ (или аналогом):

передача данных кандидата (в рамках согласия);

получение статусов проверок/согласий;

возможность ссылаться на документы/записи, хранящиеся в Р-конформ.",,,,,,,,,
2. Подбор персонала,2.4. Запрос согласия на обработку персональных данных,2.4.1. Подготовка документации,2.4.1.2. Подготовка политики конфиденциальности,2.4.1.2.1. Описание принципов обработки данных,Да,3. Процесса нет_______________________3. Процесса нет,Филимонова,"Офис: я по крайней мере не в курсе, может и есть
_____
Масс: я по крайней мере не в курсе, может и есть
_____
Первичные: я по крайней мере не в курсе, может и есть",,,"Офис: 
Масс: 
Первичные:",????______________0______________,Требований нет,,,,,,,,,
2. Подбор персонала,2.4. Запрос согласия на обработку персональных данных,2.4.1. Подготовка документации,2.4.1.2. Подготовка политики конфиденциальности,2.4.1.2.2. Указание прав субъекта персональных данных,Да,3. Процесса нет_______________________3. Процесса нет,Филимонова,"Офис: я по крайней мере не в курсе, может и есть
_____
Масс: я по крайней мере не в курсе, может и есть
_____
Первичные: я по крайней мере не в курсе, может и есть",,,"Офис: 
Масс: 
Первичные:",????______________0______________,Требований нет,,,,,,,,,
2. Подбор персонала,2.4. Запрос согласия на обработку персональных данных,2.4.1. Подготовка документации,2.4.1.2. Подготовка политики конфиденциальности,2.4.1.2.3. Формирование процедуры отзыва согласия,Да,3. Процесса нет_______________________3. Процесса нет,Филимонова,"Офис: я по крайней мере не в курсе, может и есть
_____
Масс: я по крайней мере не в курсе, может и есть
_____
Первичные: я по крайней мере не в курсе, может и есть",,,"Офис: 
Масс: 
Первичные:",????______________0______________,Требований нет,,,,,,,,,
2. Подбор персонала,2.4. Запрос согласия на обработку персональных данных,2.4.2. Получение согласия от кандидата,2.4.2.1. Отправка документов кандидату,2.4.2.1.1. Направление формы согласия по электронной почте,Да,3. Процесса нет_______________________3. Процесса нет,Филимонова,рекрутер в момент принятия решения об оформлении на массовке и специалист по адаптации в офисе______________рекрутер в момент принятия решения об оформлении на массовке и специалист по адаптации в офисе______________рекрутер в момент принятия решения об оформлении на массовке и специалист по адаптации в офисе,Относится к обработке ПД,,"Офис: 
Масс: 
Первичные:","кандидат попадая к нам в базщу получает уведопление простое в мессенжер или почту, кликает о согласии согласие подгружается к кмандидату.______________0______________",Требований нет,,,,,,,,,
2. Подбор персонала,2.4. Запрос согласия на обработку персональных данных,2.4.2. Получение согласия от кандидата,2.4.2.1. Отправка документов кандидату,2.4.2.1.2. Предоставление ссылки на политику конфиденциальности,Да,3. Процесса нет_______________________3. Процесса нет,Филимонова,рекрутер в момент принятия решения об оформлении на массовке и специалист по адаптации в офисе______________рекрутер в момент принятия решения об оформлении на массовке и специалист по адаптации в офисе______________рекрутер в момент принятия решения об оформлении на массовке и специалист по адаптации в офисе,,,"Офис: 
Масс: 
Первичные:","кандидат попадая к нам в базщу получает уведопление простое в мессенжер или почту, кликает о согласии согласие подгружается к кмандидату.______________0______________",Требований нет,,,,,,,,,
2. Подбор персонала,2.4. Запрос согласия на обработку персональных данных,2.4.2. Получение согласия от кандидата,2.4.2.1. Отправка документов кандидату,2.4.2.1.3. Информирование о необходимости подписания,Да,3. Процесса нет_______________________3. Процесса нет,Филимонова,рекрутер в момент принятия решения об оформлении на массовке и специалист по адаптации в офисе______________рекрутер в момент принятия решения об оформлении на массовке и специалист по адаптации в офисе______________рекрутер в момент принятия решения об оформлении на массовке и специалист по адаптации в офисе,,,"Офис: 
Масс: 
Первичные:","кандидат попадая к нам в базщу получает уведопление простое в мессенжер или почту, кликает о согласии согласие подгружается к кмандидату.______________0______________",Требований нет,,,,,,,,,
2. Подбор персонала,2.4. Запрос согласия на обработку персональных данных,2.4.2. Получение согласия от кандидата,2.4.2.2. Сбор подписанных документов,2.4.2.2.1. Получение электронной подписи через форму,Частично,1. Есть процесс в компании_______________________1. Есть процесс в компании,Филимонова,"контроль со стороны рекрутера, в момоент оформления кадровик______________контроль со стороны рекрутера, в момоент оформления кадровик______________контроль со стороны рекрутера, в момоент оформления кадровик",Реализовано в коробочном решении,,"Офис: 
Масс: 
Первичные:","кандидат попадая к нам в базщу получает уведопление простое в мессенжер или почту, кликает о согласии согласие подгружается к кмандидату. Хотелось бы подгружать данные в систему до оформления через Star Link______________Хотелось бы подгружать данные в систему до оформления через Star Link______________Хотелось бы подгружать данные в систему до оформления через Star Link","QA7. Электронная фиксация согласия кандидата (ФИО, дата рождения, текст согласия на обработку ПДн, полиграф, кредитную историю и пр., дата, подпись).

PR20. Фиксация согласий кандидата: обработка ПДн (ФЗ-152), псих. тестирование, полиграф, кредитная история (желательно хранить текст и дату).

PR38. Возможность прикрепить в карточку кандидата: анкету, направление на медосмотр, результаты медосмотра, результаты проверки ДБ и др. документы.",,,,,,,,,
2. Подбор персонала,2.4. Запрос согласия на обработку персональных данных,2.4.2. Получение согласия от кандидата,2.4.2.2. Сбор подписанных документов,2.4.2.2.2. Прием сканированных подписанных документов,Да,1. Есть процесс в компании_______________________1. Есть процесс в компании,Филимонова,"контроль со стороны рекрутера, в момоент оформления кадровик______________контроль со стороны рекрутера, в момоент оформления кадровик______________контроль со стороны рекрутера, в момоент оформления кадровик",,,"Офис: 
Масс: 
Первичные:","кандидат попадая к нам в базщу получает уведопление простое в мессенжер или почту, кликает о согласии согласие подгружается к кмандидату. Хотелось бы подгружать данные в систему до оформления через Star Link______________Хотелось бы подгружать данные в систему до оформления через Star Link______________Хотелось бы подгружать данные в систему до оформления через Star Link","QA7. Электронная фиксация согласия кандидата (ФИО, дата рождения, текст согласия на обработку ПДн, полиграф, кредитную историю и пр., дата, подпись).

PR20. Фиксация согласий кандидата: обработка ПДн (ФЗ-152), псих. тестирование, полиграф, кредитная история (желательно хранить текст и дату).

PR38. Возможность прикрепить в карточку кандидата: анкету, направление на медосмотр, результаты медосмотра, результаты проверки ДБ и др. документы.",,,,,,,,,
2. Подбор персонала,2.4. Запрос согласия на обработку персональных данных,2.4.2. Получение согласия от кандидата,2.4.2.2. Сбор подписанных документов,2.4.2.2.3. Фиксация даты получения согласия,Да,1. Есть процесс в компании_______________________1. Есть процесс в компании,Филимонова,"контроль со стороны рекрутера, в момоент оформления кадровик______________контроль со стороны рекрутера, в момоент оформления кадровик______________контроль со стороны рекрутера, в момоент оформления кадровик",,,"Офис: 
Масс: 
Первичные:","кандидат попадая к нам в базщу получает уведопление простое в мессенжер или почту, кликает о согласии согласие подгружается к кмандидату. Хотелось бы подгружать данные в систему до оформления через Star Link______________Хотелось бы подгружать данные в систему до оформления через Star Link______________Хотелось бы подгружать данные в систему до оформления через Star Link","QA7. Электронная фиксация согласия кандидата (ФИО, дата рождения, текст согласия на обработку ПДн, полиграф, кредитную историю и пр., дата, подпись).

PR20. Фиксация согласий кандидата: обработка ПДн (ФЗ-152), псих. тестирование, полиграф, кредитная история (желательно хранить текст и дату).

PR38. Возможность прикрепить в карточку кандидата: анкету, направление на медосмотр, результаты медосмотра, результаты проверки ДБ и др. документы.",,,,,,,,,
2. Подбор персонала,2.4. Запрос согласия на обработку персональных данных,2.4.2. Получение согласия от кандидата,2.4.2.2. Сбор подписанных документов,2.4.2.2.4. Проверка корректности заполнения,Да,1. Есть процесс в компании_______________________1. Есть процесс в компании,Филимонова,"контроль со стороны рекрутера, в момоент оформления кадровик______________контроль со стороны рекрутера, в момоент оформления кадровик______________контроль со стороны рекрутера, в момоент оформления кадровик",,,"Офис: 
Масс: 
Первичные:","кандидат попадая к нам в базщу получает уведопление простое в мессенжер или почту, кликает о согласии согласие подгружается к кмандидату. Хотелось бы подгружать данные в систему до оформления через Star Link______________Хотелось бы подгружать данные в систему до оформления через Star Link______________Хотелось бы подгружать данные в систему до оформления через Star Link","QA7. Электронная фиксация согласия кандидата (ФИО, дата рождения, текст согласия на обработку ПДн, полиграф, кредитную историю и пр., дата, подпись).

PR20. Фиксация согласий кандидата: обработка ПДн (ФЗ-152), псих. тестирование, полиграф, кредитная история (желательно хранить текст и дату).

PR38. Возможность прикрепить в карточку кандидата: анкету, направление на медосмотр, результаты медосмотра, результаты проверки ДБ и др. документы.",,,,,,,,,
2. Подбор персонала,2.4. Запрос согласия на обработку персональных данных,2.4.3. Учет и хранение согласий на обработку персональных данных,2.4.3.1. Регистрация согласий в системе,2.4.3.1.1. Внесение данных в CRM/ATS систему,Да,требуется внедрение Mirapolis_______________________требуется внедрение Mirapolis,Филимонова,мы не регистрируем на этапе подбора______________мы не регистрируем на этапе подбора______________мы не регистрируем на этапе подбора,Реализовано в коробочном решении,,"Офис: 
Масс: 
Первичные:","кандидат попадая к нам в базщу получает уведопление простое в мессенжер или почту, кликает о согласии согласие подгружается к кмандидату.______________надо собирать______________надо собирать","QA7. Электронная фиксация согласия кандидата (ФИО, дата рождения, текст согласия на обработку ПДн, полиграф, кредитную историю и пр., дата, подпись).

PR20. Фиксация согласий кандидата: обработка ПДн (ФЗ-152), псих. тестирование, полиграф, кредитная история (желательно хранить текст и дату).

PR38. Возможность прикрепить в карточку кандидата: анкету, направление на медосмотр, результаты медосмотра, результаты проверки ДБ и др. документы.",,,,,,,,,
2. Подбор персонала,2.4. Запрос согласия на обработку персональных данных,2.4.3. Учет и хранение согласий на обработку персональных данных,2.4.3.1. Регистрация согласий в системе,2.4.3.1.2. Привязка документа к профилю кандидата,Да,требуется внедрение Mirapolis_______________________требуется внедрение Mirapolis,Филимонова,мы не регистрируем на этапе подбора______________мы не регистрируем на этапе подбора______________мы не регистрируем на этапе подбора,,,"Офис: 
Масс: 
Первичные:","кандидат попадая к нам в базщу получает уведопление простое в мессенжер или почту, кликает о согласии согласие подгружается к кмандидату.______________надо собирать______________надо собирать","QA7. Электронная фиксация согласия кандидата (ФИО, дата рождения, текст согласия на обработку ПДн, полиграф, кредитную историю и пр., дата, подпись).

PR20. Фиксация согласий кандидата: обработка ПДн (ФЗ-152), псих. тестирование, полиграф, кредитная история (желательно хранить текст и дату).

PR38. Возможность прикрепить в карточку кандидата: анкету, направление на медосмотр, результаты медосмотра, результаты проверки ДБ и др. документы.",,,,,,,,,
2. Подбор персонала,2.4. Запрос согласия на обработку персональных данных,2.4.3. Учет и хранение согласий на обработку персональных данных,2.4.3.1. Регистрация согласий в системе,2.4.3.1.3. Установка напоминаний о сроках действия,Да,требуется внедрение Mirapolis_______________________требуется внедрение Mirapolis,Филимонова,мы не регистрируем на этапе подбора______________мы не регистрируем на этапе подбора______________мы не регистрируем на этапе подбора,,,"Офис: 
Масс: 
Первичные:","кандидат попадая к нам в базщу получает уведопление простое в мессенжер или почту, кликает о согласии согласие подгружается к кмандидату.______________надо собирать______________надо собирать","QA7. Электронная фиксация согласия кандидата (ФИО, дата рождения, текст согласия на обработку ПДн, полиграф, кредитную историю и пр., дата, подпись).

PR20. Фиксация согласий кандидата: обработка ПДн (ФЗ-152), псих. тестирование, полиграф, кредитная история (желательно хранить текст и дату).

PR38. Возможность прикрепить в карточку кандидата: анкету, направление на медосмотр, результаты медосмотра, результаты проверки ДБ и др. документы.",,,,,,,,,
2. Подбор персонала,2.4. Запрос согласия на обработку персональных данных,2.4.3. Учет и хранение согласий на обработку персональных данных,2.4.3.2. Обеспечение безопасного хранения,2.4.3.2.1. Размещение в защищенном хранилище документов,Да,требуется внедрение Mirapolis_______________________требуется внедрение Mirapolis,Филимонова,мы не регистрируем на этапе подбора______________мы не регистрируем на этапе подбора______________мы не регистрируем на этапе подбора,"Хранение реализовано так, что доступ к документам можно давать только определенным ролям. Таким образом, только ответственные лица смогут получить доступ к хранимым данным",,"Офис: 
Масс: 
Первичные:","кандидат попадая к нам в базщу получает уведопление простое в мессенжер или почту, кликает о согласии согласие подгружается к кмандидату.______________надо собирать и хранить ______________надо собирать и хранить","QA7. Электронная фиксация согласия кандидата (ФИО, дата рождения, текст согласия на обработку ПДн, полиграф, кредитную историю и пр., дата, подпись).

PR20. Фиксация согласий кандидата: обработка ПДн (ФЗ-152), псих. тестирование, полиграф, кредитная история (желательно хранить текст и дату).

PR38. Возможность прикрепить в карточку кандидата: анкету, направление на медосмотр, результаты медосмотра, результаты проверки ДБ и др. документы.",,,,,,,,,
2. Подбор персонала,2.4. Запрос согласия на обработку персональных данных,2.4.3. Учет и хранение согласий на обработку персональных данных,2.4.3.2. Обеспечение безопасного хранения,2.4.3.2.2. Ограничение доступа к персональным данным,Да,требуется внедрение Mirapolis_______________________требуется внедрение Mirapolis,Филимонова,мы не регистрируем на этапе подбора______________мы не регистрируем на этапе подбора______________мы не регистрируем на этапе подбора,,,"Офис: 
Масс: 
Первичные:","кандидат попадая к нам в базщу получает уведопление простое в мессенжер или почту, кликает о согласии согласие подгружается к кмандидату.______________надо собирать и хранить ______________надо собирать и хранить","QA7. Электронная фиксация согласия кандидата (ФИО, дата рождения, текст согласия на обработку ПДн, полиграф, кредитную историю и пр., дата, подпись).

PR20. Фиксация согласий кандидата: обработка ПДн (ФЗ-152), псих. тестирование, полиграф, кредитная история (желательно хранить текст и дату).

PR38. Возможность прикрепить в карточку кандидата: анкету, направление на медосмотр, результаты медосмотра, результаты проверки ДБ и др. документы.",,,,,,,,,
2. Подбор персонала,2.4. Запрос согласия на обработку персональных данных,2.4.3. Учет и хранение согласий на обработку персональных данных,2.4.3.2. Обеспечение безопасного хранения,2.4.3.2.3. Ведение журнала доступа к персональным данным,Да,требуется внедрение Mirapolis_______________________требуется внедрение Mirapolis,Филимонова,мы не регистрируем на этапе подбора______________мы не регистрируем на этапе подбора______________мы не регистрируем на этапе подбора,,,"Офис: 
Масс: 
Первичные:","кандидат попадая к нам в базщу получает уведопление простое в мессенжер или почту, кликает о согласии согласие подгружается к кмандидату.______________надо собирать и хранить ______________надо собирать и хранить","QA7. Электронная фиксация согласия кандидата (ФИО, дата рождения, текст согласия на обработку ПДн, полиграф, кредитную историю и пр., дата, подпись).

PR20. Фиксация согласий кандидата: обработка ПДн (ФЗ-152), псих. тестирование, полиграф, кредитная история (желательно хранить текст и дату).

PR38. Возможность прикрепить в карточку кандидата: анкету, направление на медосмотр, результаты медосмотра, результаты проверки ДБ и др. документы.",,,,,,,,,
2. Подбор персонала,2.5. Первичное интервью,2.5.1. Планирование и подготовка интервью,2.5.1.1. Отбор кандидатов для интервью,2.5.1.1.1. Занесение релевантных кандидатов в базу (ATS/CRM),Да,требуется внедрение Mirapolis_______________________требуется внедрение Mirapolis,Борискина Е.Н.,Рекрутер всем звонит договаривается и назначает интервью. Информирует______________Рекрутер всем звонит договаривается и назначает интервью. Информирует______________Рекрутер всем звонит договаривается и назначает интервью. Информирует,"Офис: программа отбирает с HH по определенным параметрам кандидатов и передает в базу ""Интервью с рекрутером"". Программа отвечает в канве заданных параметров (Cookie)
Комментарий от Ильи Ефимова: кандидат должен передаваться со статусом ""Отобран"", а уже потом нужно запрашивать ПДн, после чего планировать интервью. Процесс реализуем с помощью разработки
",,"Офис: вручную
Масс: 
Первичные:","первичный отбор с помощью AI ассистента, подгружение в базу с диалогами, назначение теплых и соответсвующих рекрутеру в календарь с учетом свободны окон и возможностей кандидата. Проговорить возможность формирование ссылки для интевью в рконые и погружение жтой ссылки во встречу______________0______________","PR13. Хранение профиля кандидата: интересующая должность, ФИО, дата рождения, контакты, гражданство, опыт, навыки и т.п.
PR14. Несколько учебных заведений со специальностью.
PR15. Данные о водительских правах, удостоверении тракториста-машиниста и др.
PR16. Несколько мест работы: периоды, организация, должность, обязанности, причина увольнения, уровень зарплаты.
PR17. Учёт: группа инвалидности, наличие свиней в ЛПХ (для агрохолдинга), семейное положение, воинская обязанность, судимости, админ.ответственность, вакцинация от COVID-19.
PR18. Блок о ближайших родственниках и родстве с сотрудниками компании.
QA1. Блок «Общие сведения» (интересующая должность, ФИО, ФИО до смены, паспортные данные, адреса, телефоны, e-mail, ИНН, гражданство и т.п.).
QA2. Основное образование (уровень + табличный блок «период — вуз — факультет/специальность — № диплома, дата»).
QA3. Дополнительное образование (таблица «период — организация — тема/специализация»).
QA4. Профессиональные навыки (ПК, иностранные языки и др.).
QA5. Блок про рекомендателя (кто порекомендовал, степень родства, ФИО, место работы, должность).
QA6. Свободное текстовое поле «Дополнительная информация о Вас, успехи, достижения» + источник обращения (газета, радио, интернет, сайт, служба занятости, рекомендации и т.п.).
QA7. Электронная фиксация согласия кандидата (ФИО, дата рождения, текст согласия на обработку ПДн, полиграф, кредитную историю и пр., дата, подпись).",,,,,,,,,
2. Подбор персонала,2.5. Первичное интервью,2.5.1. Планирование и подготовка интервью,2.5.1.1. Отбор кандидатов для интервью,2.5.1.1.2. Ранжирование кандидатов по приоритету,Да,требуется внедрение Mirapolis_______________________требуется внедрение Mirapolis,Борискина Е.Н.,Рекрутер всем звонит договаривается и назначает интервью. Информирует______________Рекрутер всем звонит договаривается и назначает интервью. Информирует______________Рекрутер всем звонит договаривается и назначает интервью. Информирует,,,"Офис: вручную
Масс: 
Первичные:","первичный отбор с помощью AI ассистента, подгружение в базу с диалогами, назначение теплых и соответсвующих рекрутеру в календарь с учетом свободны окон и возможностей кандидата. Проговорить возможность формирование ссылки для интевью в рконые и погружение жтой ссылки во встречу______________0______________","PR13. Хранение профиля кандидата: интересующая должность, ФИО, дата рождения, контакты, гражданство, опыт, навыки и т.п.
PR14. Несколько учебных заведений со специальностью.
PR15. Данные о водительских правах, удостоверении тракториста-машиниста и др.
PR16. Несколько мест работы: периоды, организация, должность, обязанности, причина увольнения, уровень зарплаты.
PR17. Учёт: группа инвалидности, наличие свиней в ЛПХ (для агрохолдинга), семейное положение, воинская обязанность, судимости, админ.ответственность, вакцинация от COVID-19.
PR18. Блок о ближайших родственниках и родстве с сотрудниками компании.
QA1. Блок «Общие сведения» (интересующая должность, ФИО, ФИО до смены, паспортные данные, адреса, телефоны, e-mail, ИНН, гражданство и т.п.).
QA2. Основное образование (уровень + табличный блок «период — вуз — факультет/специальность — № диплома, дата»).
QA3. Дополнительное образование (таблица «период — организация — тема/специализация»).
QA4. Профессиональные навыки (ПК, иностранные языки и др.).
QA5. Блок про рекомендателя (кто порекомендовал, степень родства, ФИО, место работы, должность).
QA6. Свободное текстовое поле «Дополнительная информация о Вас, успехи, достижения» + источник обращения (газета, радио, интернет, сайт, служба занятости, рекомендации и т.п.).
QA7. Электронная фиксация согласия кандидата (ФИО, дата рождения, текст согласия на обработку ПДн, полиграф, кредитную историю и пр., дата, подпись).",,,,,,,,,
2. Подбор персонала,2.5. Первичное интервью,2.5.1. Планирование и подготовка интервью,2.5.1.1. Отбор кандидатов для интервью,2.5.1.1.3. Формирование списка на первичное интервью,Да,требуется внедрение Mirapolis_______________________требуется внедрение Mirapolis,Борискина Е.Н.,Рекрутер всем звонит договаривается и назначает интервью. Информирует______________Рекрутер всем звонит договаривается и назначает интервью. Информирует______________Рекрутер всем звонит договаривается и назначает интервью. Информирует,,,"Офис: вручную
Масс: 
Первичные:","первичный отбор с помощью AI ассистента, подгружение в базу с диалогами, назначение теплых и соответсвующих рекрутеру в календарь с учетом свободны окон и возможностей кандидата. Проговорить возможность формирование ссылки для интевью в рконые и погружение жтой ссылки во встречу______________0______________","PR13. Хранение профиля кандидата: интересующая должность, ФИО, дата рождения, контакты, гражданство, опыт, навыки и т.п.
PR14. Несколько учебных заведений со специальностью.
PR15. Данные о водительских правах, удостоверении тракториста-машиниста и др.
PR16. Несколько мест работы: периоды, организация, должность, обязанности, причина увольнения, уровень зарплаты.
PR17. Учёт: группа инвалидности, наличие свиней в ЛПХ (для агрохолдинга), семейное положение, воинская обязанность, судимости, админ.ответственность, вакцинация от COVID-19.
PR18. Блок о ближайших родственниках и родстве с сотрудниками компании.
QA1. Блок «Общие сведения» (интересующая должность, ФИО, ФИО до смены, паспортные данные, адреса, телефоны, e-mail, ИНН, гражданство и т.п.).
QA2. Основное образование (уровень + табличный блок «период — вуз — факультет/специальность — № диплома, дата»).
QA3. Дополнительное образование (таблица «период — организация — тема/специализация»).
QA4. Профессиональные навыки (ПК, иностранные языки и др.).
QA5. Блок про рекомендателя (кто порекомендовал, степень родства, ФИО, место работы, должность).
QA6. Свободное текстовое поле «Дополнительная информация о Вас, успехи, достижения» + источник обращения (газета, радио, интернет, сайт, служба занятости, рекомендации и т.п.).
QA7. Электронная фиксация согласия кандидата (ФИО, дата рождения, текст согласия на обработку ПДн, полиграф, кредитную историю и пр., дата, подпись).",,,,,,,,,
2. Подбор персонала,2.5. Первичное интервью,2.5.1. Планирование и подготовка интервью,2.5.1.1. Отбор кандидатов для интервью,2.5.1.1.4. Определение формата интервью (телефон/видео/очно),Да,требуется внедрение Mirapolis_______________________требуется внедрение Mirapolis,Борискина Е.Н.,Рекрутер всем звонит договаривается и назначает интервью. Информирует______________Рекрутер всем звонит договаривается и назначает интервью. Информирует______________Рекрутер всем звонит договаривается и назначает интервью. Информирует,,,"Офис: вручную
Масс: 
Первичные:","первичный отбор с помощью AI ассистента, подгружение в базу с диалогами, назначение теплых и соответсвующих рекрутеру в календарь с учетом свободны окон и возможностей кандидата. Проговорить возможность формирование ссылки для интевью в рконые и погружение жтой ссылки во встречу______________0______________","PR13. Хранение профиля кандидата: интересующая должность, ФИО, дата рождения, контакты, гражданство, опыт, навыки и т.п.
PR14. Несколько учебных заведений со специальностью.
PR15. Данные о водительских правах, удостоверении тракториста-машиниста и др.
PR16. Несколько мест работы: периоды, организация, должность, обязанности, причина увольнения, уровень зарплаты.
PR17. Учёт: группа инвалидности, наличие свиней в ЛПХ (для агрохолдинга), семейное положение, воинская обязанность, судимости, админ.ответственность, вакцинация от COVID-19.
PR18. Блок о ближайших родственниках и родстве с сотрудниками компании.
QA1. Блок «Общие сведения» (интересующая должность, ФИО, ФИО до смены, паспортные данные, адреса, телефоны, e-mail, ИНН, гражданство и т.п.).
QA2. Основное образование (уровень + табличный блок «период — вуз — факультет/специальность — № диплома, дата»).
QA3. Дополнительное образование (таблица «период — организация — тема/специализация»).
QA4. Профессиональные навыки (ПК, иностранные языки и др.).
QA5. Блок про рекомендателя (кто порекомендовал, степень родства, ФИО, место работы, должность).
QA6. Свободное текстовое поле «Дополнительная информация о Вас, успехи, достижения» + источник обращения (газета, радио, интернет, сайт, служба занятости, рекомендации и т.п.).
QA7. Электронная фиксация согласия кандидата (ФИО, дата рождения, текст согласия на обработку ПДн, полиграф, кредитную историю и пр., дата, подпись).",,,,,,,,,
2. Подбор персонала,2.5. Первичное интервью,2.5.1. Планирование и подготовка интервью,2.5.1.2. Назначение встречи,2.5.1.2.1. Отправка приглашения кандидату,Да,4. Не актуально/реализовано в другой системе_______________________4. Не актуально/реализовано в другой системе,Борискина Е.Н.,Рекрутер всем звонит договаривается и назначает интервью. Информирует______________Рекрутер всем звонит договаривается и назначает интервью. Информирует______________Рекрутер всем звонит договаривается и назначает интервью. Информирует,"Нажимая на кнопку ""Запланировать"" - все уведомления (кастомизированные) уходят адресатам

Масс: не планируется использование Р-Конф, но необходимо какое-либо уведомление

Комментарий Axenix: можно разделять с помощью разных конпок: Запланировать в Р-Конф, Запланировать внешне",,"Офис: 
Масс: 
Первичные:",Отправка ссылки на интервью в рконф кандидату с подтвердением встречи и пуш за 1 день до собеседования и за 1 час______________0______________,"PR21. Планирование и фиксация собеседований: дата/время, факт проведения, краткий результат (решение руководителя).
PR32. Планирование и фиксация встреч/созвонов рекрутера с заказчиком (в т.ч. первый бриф по новой заявке).",,,,,,,,,
2. Подбор персонала,2.5. Первичное интервью,2.5.1. Планирование и подготовка интервью,2.5.1.2. Назначение встречи,2.5.1.2.2. Согласование удобного времени,Да,4. Не актуально/реализовано в другой системе_______________________4. Не актуально/реализовано в другой системе,Борискина Е.Н.,Рекрутер всем звонит договаривается и назначает интервью. Информирует______________Рекрутер всем звонит договаривается и назначает интервью. Информирует______________Рекрутер всем звонит договаривается и назначает интервью. Информирует,,,"Офис: 
Масс: 
Первичные:",Отправка ссылки на интервью в рконф кандидату с подтвердением встречи и пуш за 1 день до собеседования и за 1 час______________0______________,"PR21. Планирование и фиксация собеседований: дата/время, факт проведения, краткий результат (решение руководителя).
PR32. Планирование и фиксация встреч/созвонов рекрутера с заказчиком (в т.ч. первый бриф по новой заявке).",,,,,,,,,
2. Подбор персонала,2.5. Первичное интервью,2.5.1. Планирование и подготовка интервью,2.5.1.2. Назначение встречи,2.5.1.2.3. Отправка календарного приглашения,Да,4. Не актуально/реализовано в другой системе_______________________4. Не актуально/реализовано в другой системе,Борискина Е.Н.,Рекрутер всем звонит договаривается и назначает интервью. Информирует______________Рекрутер всем звонит договаривается и назначает интервью. Информирует______________Рекрутер всем звонит договаривается и назначает интервью. Информирует,,,"Офис: 
Масс: 
Первичные:",Отправка ссылки на интервью в рконф кандидату с подтвердением встречи и пуш за 1 день до собеседования и за 1 час______________0______________,"PR21. Планирование и фиксация собеседований: дата/время, факт проведения, краткий результат (решение руководителя).
PR32. Планирование и фиксация встреч/созвонов рекрутера с заказчиком (в т.ч. первый бриф по новой заявке).",,,,,,,,,
2. Подбор персонала,2.5. Первичное интервью,2.5.1. Планирование и подготовка интервью,2.5.1.2. Назначение встречи,2.5.1.2.4. Направление ссылки на видеоконференцию (при необходимости),Да,4. Не актуально/реализовано в другой системе_______________________4. Не актуально/реализовано в другой системе,Борискина Е.Н.,Рекрутер всем звонит договаривается и назначает интервью. Информирует______________Рекрутер всем звонит договаривается и назначает интервью. Информирует______________Рекрутер всем звонит договаривается и назначает интервью. Информирует,,,"Офис: 
Масс: 
Первичные:",Отправка ссылки на интервью в рконф кандидату с подтвердением встречи и пуш за 1 день до собеседования и за 1 час______________0______________,"PR21. Планирование и фиксация собеседований: дата/время, факт проведения, краткий результат (решение руководителя).
PR32. Планирование и фиксация встреч/созвонов рекрутера с заказчиком (в т.ч. первый бриф по новой заявке).",,,,,,,,,
2. Подбор персонала,2.5. Первичное интервью,2.5.1. Планирование и подготовка интервью,2.5.1.2. Назначение встречи,2.5.1.2.5. Отправка напоминания за день до встречи,Да,4. Не актуально/реализовано в другой системе_______________________4. Не актуально/реализовано в другой системе,Борискина Е.Н.,Рекрутер всем звонит договаривается и назначает интервью. Информирует______________Рекрутер всем звонит договаривается и назначает интервью. Информирует______________Рекрутер всем звонит договаривается и назначает интервью. Информирует,,,"Офис: 
Масс: 
Первичные:",Отправка ссылки на интервью в рконф кандидату с подтвердением встречи и пуш за 1 день до собеседования и за 1 час______________0______________,"PR21. Планирование и фиксация собеседований: дата/время, факт проведения, краткий результат (решение руководителя).
PR32. Планирование и фиксация встреч/созвонов рекрутера с заказчиком (в т.ч. первый бриф по новой заявке).",,,,,,,,,
2. Подбор персонала,2.5. Первичное интервью,2.5.2. Проведение телефонного интервью (скрининга),2.5.2.1. Верификация базовой информации,2.5.2.1.1. Подтверждение данных из резюме,Частично,требуется внедрение Mirapolis_______________________требуется внедрение Mirapolis,Борискина Е.Н.,Рекрутер______________Рекрутер и СИЦ______________Рекрутер и СИЦ,Предусмотрено как событие подбора,,"Офис: 
Масс: 
Первичные:","первичный отбор с помощью AI ассистента, подгружение в базу с диалогами, назначение теплых и соответсвующих рекрутеру в календарь с учетом свободны окон и возможностей кандидата. Проговорить возможность формирование ссылки для интевью в рконые и погружение жтой ссылки во встречу. Далее рекртуер проводит интевью с подробным рассказом о вакансии и выяснению компетенций и соотвествую каниддата профилю заказчика. Интервью проводится на плозадке рконы, резюме интервью разносится в соответсвующие полян и привязывается к карточке кандидата______________0______________","PR31. Набор статусов/этапов по кандидату (отклик, скрининг, интервью рекрутера, интервью заказчика, тест, медосмотр, оффер, выход, отказ и т.п.) с возможностью менять.
PR33. Регистрация факта первичного контакта рекрутера с кандидатом (дата, ключевые вопросы/ответы) до отправки резюме заказчику.
PR35. Место для фиксации обратной связи заказчика по кандидатам и уточнения требований (в заявке/вакансии или карточке кандидата).
1. Карточка кандидата должна быть единой для разных HR-процессов (подбор, кадровый резерв, оценка, обучение) без дублирования данных.
2. Хранить персональные данные, контакты, текущее место работы, статус, результаты интервью и тестов, договорённости, историю коммуникаций.
3. Кандидат может быть привязан сразу к нескольким вакансиям, а в карточке должна отражаться история по каждой (статусы, этапы, результаты).
4. Проверка корректности данных (телефон, email и т.п.), отслеживание согласия на обработку ПДн. При переводе кандидата в статус сотрудника — связка с кадровым контуром и 1С/ЗУП (или аналогом).
По результатам скрининга кандидат переводится в статус:
«Проведено интервью с рекрутером»
с обязательным указанием подстатуса:одобрен;отклонён;самоотказ;неявка.Эти статусы используются дальше в аналитике (конверсии, причины отказов, TTH/TTF).",,,,,,,,,
2. Подбор персонала,2.5. Первичное интервью,2.5.2. Проведение телефонного интервью (скрининга),2.5.2.1. Верификация базовой информации,2.5.2.1.2. Проверка опыта работы и достижений,Частично,требуется внедрение Mirapolis_______________________требуется внедрение Mirapolis,Борискина Е.Н.,Рекрутер______________Рекрутер и СИЦ______________Рекрутер и СИЦ,,,"Офис: 
Масс: 
Первичные:","первичный отбор с помощью AI ассистента, подгружение в базу с диалогами, назначение теплых и соответсвующих рекрутеру в календарь с учетом свободны окон и возможностей кандидата. Проговорить возможность формирование ссылки для интевью в рконые и погружение жтой ссылки во встречу. Далее рекртуер проводит интевью с подробным рассказом о вакансии и выяснению компетенций и соотвествую каниддата профилю заказчика. Интервью проводится на плозадке рконы, резюме интервью разносится в соответсвующие полян и привязывается к карточке кандидата______________0______________","PR31. Набор статусов/этапов по кандидату (отклик, скрининг, интервью рекрутера, интервью заказчика, тест, медосмотр, оффер, выход, отказ и т.п.) с возможностью менять.
PR33. Регистрация факта первичного контакта рекрутера с кандидатом (дата, ключевые вопросы/ответы) до отправки резюме заказчику.
PR35. Место для фиксации обратной связи заказчика по кандидатам и уточнения требований (в заявке/вакансии или карточке кандидата).
1. Карточка кандидата должна быть единой для разных HR-процессов (подбор, кадровый резерв, оценка, обучение) без дублирования данных.
2. Хранить персональные данные, контакты, текущее место работы, статус, результаты интервью и тестов, договорённости, историю коммуникаций.
3. Кандидат может быть привязан сразу к нескольким вакансиям, а в карточке должна отражаться история по каждой (статусы, этапы, результаты).
4. Проверка корректности данных (телефон, email и т.п.), отслеживание согласия на обработку ПДн. При переводе кандидата в статус сотрудника — связка с кадровым контуром и 1С/ЗУП (или аналогом).
По результатам скрининга кандидат переводится в статус:
«Проведено интервью с рекрутером»
с обязательным указанием подстатуса:одобрен;отклонён;самоотказ;неявка.Эти статусы используются дальше в аналитике (конверсии, причины отказов, TTH/TTF).",,,,,,,,,
2. Подбор персонала,2.5. Первичное интервью,2.5.2. Проведение телефонного интервью (скрининга),2.5.2.1. Верификация базовой информации,2.5.2.1.3. Уточнение образования и квалификации,Частично,требуется внедрение Mirapolis_______________________требуется внедрение Mirapolis,Борискина Е.Н.,Рекрутер______________Рекрутер и СИЦ______________Рекрутер и СИЦ,,,"Офис: 
Масс: 
Первичные:","первичный отбор с помощью AI ассистента, подгружение в базу с диалогами, назначение теплых и соответсвующих рекрутеру в календарь с учетом свободны окон и возможностей кандидата. Проговорить возможность формирование ссылки для интевью в рконые и погружение жтой ссылки во встречу. Далее рекртуер проводит интевью с подробным рассказом о вакансии и выяснению компетенций и соотвествую каниддата профилю заказчика. Интервью проводится на плозадке рконы, резюме интервью разносится в соответсвующие полян и привязывается к карточке кандидата______________0______________","PR31. Набор статусов/этапов по кандидату (отклик, скрининг, интервью рекрутера, интервью заказчика, тест, медосмотр, оффер, выход, отказ и т.п.) с возможностью менять.
PR33. Регистрация факта первичного контакта рекрутера с кандидатом (дата, ключевые вопросы/ответы) до отправки резюме заказчику.
PR35. Место для фиксации обратной связи заказчика по кандидатам и уточнения требований (в заявке/вакансии или карточке кандидата).
1. Карточка кандидата должна быть единой для разных HR-процессов (подбор, кадровый резерв, оценка, обучение) без дублирования данных.
2. Хранить персональные данные, контакты, текущее место работы, статус, результаты интервью и тестов, договорённости, историю коммуникаций.
3. Кандидат может быть привязан сразу к нескольким вакансиям, а в карточке должна отражаться история по каждой (статусы, этапы, результаты).
4. Проверка корректности данных (телефон, email и т.п.), отслеживание согласия на обработку ПДн. При переводе кандидата в статус сотрудника — связка с кадровым контуром и 1С/ЗУП (или аналогом).
По результатам скрининга кандидат переводится в статус:
«Проведено интервью с рекрутером»
с обязательным указанием подстатуса:одобрен;отклонён;самоотказ;неявка.Эти статусы используются дальше в аналитике (конверсии, причины отказов, TTH/TTF).",,,,,,,,,
2. Подбор персонала,2.5. Первичное интервью,2.5.2. Проведение телефонного интервью (скрининга),2.5.2.1. Верификация базовой информации,2.5.2.1.4. Выяснение причин смены работы,Частично,требуется внедрение Mirapolis_______________________требуется внедрение Mirapolis,Борискина Е.Н.,Рекрутер______________Рекрутер и СИЦ______________Рекрутер и СИЦ,,,"Офис: 
Масс: 
Первичные:","первичный отбор с помощью AI ассистента, подгружение в базу с диалогами, назначение теплых и соответсвующих рекрутеру в календарь с учетом свободны окон и возможностей кандидата. Проговорить возможность формирование ссылки для интевью в рконые и погружение жтой ссылки во встречу. Далее рекртуер проводит интевью с подробным рассказом о вакансии и выяснению компетенций и соотвествую каниддата профилю заказчика. Интервью проводится на плозадке рконы, резюме интервью разносится в соответсвующие полян и привязывается к карточке кандидата______________0______________","PR31. Набор статусов/этапов по кандидату (отклик, скрининг, интервью рекрутера, интервью заказчика, тест, медосмотр, оффер, выход, отказ и т.п.) с возможностью менять.
PR33. Регистрация факта первичного контакта рекрутера с кандидатом (дата, ключевые вопросы/ответы) до отправки резюме заказчику.
PR35. Место для фиксации обратной связи заказчика по кандидатам и уточнения требований (в заявке/вакансии или карточке кандидата).
1. Карточка кандидата должна быть единой для разных HR-процессов (подбор, кадровый резерв, оценка, обучение) без дублирования данных.
2. Хранить персональные данные, контакты, текущее место работы, статус, результаты интервью и тестов, договорённости, историю коммуникаций.
3. Кандидат может быть привязан сразу к нескольким вакансиям, а в карточке должна отражаться история по каждой (статусы, этапы, результаты).
4. Проверка корректности данных (телефон, email и т.п.), отслеживание согласия на обработку ПДн. При переводе кандидата в статус сотрудника — связка с кадровым контуром и 1С/ЗУП (или аналогом).
По результатам скрининга кандидат переводится в статус:
«Проведено интервью с рекрутером»
с обязательным указанием подстатуса:одобрен;отклонён;самоотказ;неявка.Эти статусы используются дальше в аналитике (конверсии, причины отказов, TTH/TTF).",,,,,,,,,
2. Подбор персонала,2.5. Первичное интервью,2.5.2. Проведение телефонного интервью (скрининга),2.5.2.2. Оценка базовых компетенций,2.5.2.2.1. Проверка технических знаний (базовый уровень),Частично,1. Есть процесс в компании_______________________1. Есть процесс в компании,Борискина Е.Н.,Рекрутер______________Рекрутер и СИЦ______________Рекрутер и СИЦ,,,"Офис: 
Масс: 
Первичные:","первичный отбор с помощью AI ассистента, подгружение в базу с диалогами, назначение теплых и соответсвующих рекрутеру в календарь с учетом свободны окон и возможностей кандидата. Проговорить возможность формирование ссылки для интевью в рконые и погружение жтой ссылки во встречу. Далее рекртуер проводит интевью с подробным рассказом о вакансии и выяснению компетенций и соотвествую каниддата профилю заказчика. Интервью проводится на плозадке рконы, резюме интервью разносится в соответсвующие полян и привязывается к карточке кандидата______________0______________","PR31. Набор статусов/этапов по кандидату (отклик, скрининг, интервью рекрутера, интервью заказчика, тест, медосмотр, оффер, выход, отказ и т.п.) с возможностью менять.
PR33. Регистрация факта первичного контакта рекрутера с кандидатом (дата, ключевые вопросы/ответы) до отправки резюме заказчику.
PR35. Место для фиксации обратной связи заказчика по кандидатам и уточнения требований (в заявке/вакансии или карточке кандидата).",,,,,,,,,
2. Подбор персонала,2.5. Первичное интервью,2.5.2. Проведение телефонного интервью (скрининга),2.5.2.2. Оценка базовых компетенций,2.5.2.2.2. Оценка коммуникативных навыков,Частично,1. Есть процесс в компании_______________________1. Есть процесс в компании,Борискина Е.Н.,Рекрутер______________Рекрутер и СИЦ______________Рекрутер и СИЦ,,,"Офис: 
Масс: 
Первичные:","первичный отбор с помощью AI ассистента, подгружение в базу с диалогами, назначение теплых и соответсвующих рекрутеру в календарь с учетом свободны окон и возможностей кандидата. Проговорить возможность формирование ссылки для интевью в рконые и погружение жтой ссылки во встречу. Далее рекртуер проводит интевью с подробным рассказом о вакансии и выяснению компетенций и соотвествую каниддата профилю заказчика. Интервью проводится на плозадке рконы, резюме интервью разносится в соответсвующие полян и привязывается к карточке кандидата______________0______________","PR31. Набор статусов/этапов по кандидату (отклик, скрининг, интервью рекрутера, интервью заказчика, тест, медосмотр, оффер, выход, отказ и т.п.) с возможностью менять.
PR33. Регистрация факта первичного контакта рекрутера с кандидатом (дата, ключевые вопросы/ответы) до отправки резюме заказчику.
PR35. Место для фиксации обратной связи заказчика по кандидатам и уточнения требований (в заявке/вакансии или карточке кандидата).",,,,,,,,,
2. Подбор персонала,2.5. Первичное интервью,2.5.2. Проведение телефонного интервью (скрининга),2.5.2.2. Оценка базовых компетенций,2.5.2.2.3. Анализ мотивации к вакансии,Частично,1. Есть процесс в компании_______________________1. Есть процесс в компании,Борискина Е.Н.,Рекрутер______________Рекрутер и СИЦ______________Рекрутер и СИЦ,,,"Офис: 
Масс: 
Первичные:","первичный отбор с помощью AI ассистента, подгружение в базу с диалогами, назначение теплых и соответсвующих рекрутеру в календарь с учетом свободны окон и возможностей кандидата. Проговорить возможность формирование ссылки для интевью в рконые и погружение жтой ссылки во встречу. Далее рекртуер проводит интевью с подробным рассказом о вакансии и выяснению компетенций и соотвествую каниддата профилю заказчика. Интервью проводится на плозадке рконы, резюме интервью разносится в соответсвующие полян и привязывается к карточке кандидата______________0______________","PR31. Набор статусов/этапов по кандидату (отклик, скрининг, интервью рекрутера, интервью заказчика, тест, медосмотр, оффер, выход, отказ и т.п.) с возможностью менять.
PR33. Регистрация факта первичного контакта рекрутера с кандидатом (дата, ключевые вопросы/ответы) до отправки резюме заказчику.
PR35. Место для фиксации обратной связи заказчика по кандидатам и уточнения требований (в заявке/вакансии или карточке кандидата).",,,,,,,,,
2. Подбор персонала,2.5. Первичное интервью,2.5.2. Проведение телефонного интервью (скрининга),2.5.2.2. Оценка базовых компетенций,2.5.2.2.4. Выявление карьерных целей и ожиданий,Частично,1. Есть процесс в компании_______________________1. Есть процесс в компании,Борискина Е.Н.,Рекрутер______________Рекрутер и СИЦ______________Рекрутер и СИЦ,,,"Офис: 
Масс: 
Первичные:","первичный отбор с помощью AI ассистента, подгружение в базу с диалогами, назначение теплых и соответсвующих рекрутеру в календарь с учетом свободны окон и возможностей кандидата. Проговорить возможность формирование ссылки для интевью в рконые и погружение жтой ссылки во встречу. Далее рекртуер проводит интевью с подробным рассказом о вакансии и выяснению компетенций и соотвествую каниддата профилю заказчика. Интервью проводится на плозадке рконы, резюме интервью разносится в соответсвующие полян и привязывается к карточке кандидата______________0______________","PR31. Набор статусов/этапов по кандидату (отклик, скрининг, интервью рекрутера, интервью заказчика, тест, медосмотр, оффер, выход, отказ и т.п.) с возможностью менять.
PR33. Регистрация факта первичного контакта рекрутера с кандидатом (дата, ключевые вопросы/ответы) до отправки резюме заказчику.
PR35. Место для фиксации обратной связи заказчика по кандидатам и уточнения требований (в заявке/вакансии или карточке кандидата).",,,,,,,,,
2. Подбор персонала,2.5. Первичное интервью,2.5.2. Проведение телефонного интервью (скрининга),2.5.2.3. Обсуждение ожиданий кандидата (выявление потребности),2.5.2.3.1. Выяснение зарплатных ожиданий,Частично,1. Есть процесс в компании_______________________1. Есть процесс в компании,Борискина Е.Н.,Рекрутер______________Рекрутер и СИЦ______________Рекрутер и СИЦ,,,"Офис: 
Масс: 
Первичные:","первичный отбор с помощью AI ассистента, подгружение в базу с диалогами, назначение теплых и соответсвующих рекрутеру в календарь с учетом свободны окон и возможностей кандидата. Проговорить возможность формирование ссылки для интевью в рконые и погружение жтой ссылки во встречу. Далее рекртуер проводит интевью с подробным рассказом о вакансии и выяснению компетенций и соотвествую каниддата профилю заказчика. Интервью проводится на плозадке рконы, резюме интервью разносится в соответсвующие полян и привязывается к карточке кандидата______________0______________","PR31. Набор статусов/этапов по кандидату (отклик, скрининг, интервью рекрутера, интервью заказчика, тест, медосмотр, оффер, выход, отказ и т.п.) с возможностью менять.
PR33. Регистрация факта первичного контакта рекрутера с кандидатом (дата, ключевые вопросы/ответы) до отправки резюме заказчику.
PR35. Место для фиксации обратной связи заказчика по кандидатам и уточнения требований (в заявке/вакансии или карточке кандидата).",,,,,,,,,
2. Подбор персонала,2.5. Первичное интервью,2.5.2. Проведение телефонного интервью (скрининга),2.5.2.3. Обсуждение ожиданий кандидата (выявление потребности),2.5.2.3.2. Уточнение предпочтений по формату работы,Частично,1. Есть процесс в компании_______________________1. Есть процесс в компании,Борискина Е.Н.,Рекрутер______________Рекрутер и СИЦ______________Рекрутер и СИЦ,,,"Офис: 
Масс: 
Первичные:","первичный отбор с помощью AI ассистента, подгружение в базу с диалогами, назначение теплых и соответсвующих рекрутеру в календарь с учетом свободны окон и возможностей кандидата. Проговорить возможность формирование ссылки для интевью в рконые и погружение жтой ссылки во встречу. Далее рекртуер проводит интевью с подробным рассказом о вакансии и выяснению компетенций и соотвествую каниддата профилю заказчика. Интервью проводится на плозадке рконы, резюме интервью разносится в соответсвующие полян и привязывается к карточке кандидата______________0______________","PR31. Набор статусов/этапов по кандидату (отклик, скрининг, интервью рекрутера, интервью заказчика, тест, медосмотр, оффер, выход, отказ и т.п.) с возможностью менять.
PR33. Регистрация факта первичного контакта рекрутера с кандидатом (дата, ключевые вопросы/ответы) до отправки резюме заказчику.
PR35. Место для фиксации обратной связи заказчика по кандидатам и уточнения требований (в заявке/вакансии или карточке кандидата).",,,,,,,,,
2. Подбор персонала,2.5. Первичное интервью,2.5.2. Проведение телефонного интервью (скрининга),2.5.2.3. Обсуждение ожиданий кандидата (выявление потребности),2.5.2.3.3. Обсуждение готовности к переезду/командировкам,Частично,1. Есть процесс в компании_______________________1. Есть процесс в компании,Борискина Е.Н.,Рекрутер______________Рекрутер и СИЦ______________Рекрутер и СИЦ,,,"Офис: 
Масс: 
Первичные:","первичный отбор с помощью AI ассистента, подгружение в базу с диалогами, назначение теплых и соответсвующих рекрутеру в календарь с учетом свободны окон и возможностей кандидата. Проговорить возможность формирование ссылки для интевью в рконые и погружение жтой ссылки во встречу. Далее рекртуер проводит интевью с подробным рассказом о вакансии и выяснению компетенций и соотвествую каниддата профилю заказчика. Интервью проводится на плозадке рконы, резюме интервью разносится в соответсвующие полян и привязывается к карточке кандидата______________0______________","PR31. Набор статусов/этапов по кандидату (отклик, скрининг, интервью рекрутера, интервью заказчика, тест, медосмотр, оффер, выход, отказ и т.п.) с возможностью менять.
PR33. Регистрация факта первичного контакта рекрутера с кандидатом (дата, ключевые вопросы/ответы) до отправки резюме заказчику.
PR35. Место для фиксации обратной связи заказчика по кандидатам и уточнения требований (в заявке/вакансии или карточке кандидата).",,,,,,,,,
2. Подбор персонала,2.5. Первичное интервью,2.5.2. Проведение телефонного интервью (скрининга),2.5.2.3. Обсуждение ожиданий кандидата (выявление потребности),2.5.2.3.4. Выяснение сроков выхода на работу,Частично,1. Есть процесс в компании_______________________1. Есть процесс в компании,Борискина Е.Н.,Рекрутер______________Рекрутер и СИЦ______________Рекрутер и СИЦ,,,"Офис: 
Масс: 
Первичные:","первичный отбор с помощью AI ассистента, подгружение в базу с диалогами, назначение теплых и соответсвующих рекрутеру в календарь с учетом свободны окон и возможностей кандидата. Проговорить возможность формирование ссылки для интевью в рконые и погружение жтой ссылки во встречу. Далее рекртуер проводит интевью с подробным рассказом о вакансии и выяснению компетенций и соотвествую каниддата профилю заказчика. Интервью проводится на плозадке рконы, резюме интервью разносится в соответсвующие полян и привязывается к карточке кандидата______________0______________","PR31. Набор статусов/этапов по кандидату (отклик, скрининг, интервью рекрутера, интервью заказчика, тест, медосмотр, оффер, выход, отказ и т.п.) с возможностью менять.
PR33. Регистрация факта первичного контакта рекрутера с кандидатом (дата, ключевые вопросы/ответы) до отправки резюме заказчику.
PR35. Место для фиксации обратной связи заказчика по кандидатам и уточнения требований (в заявке/вакансии или карточке кандидата).",,,,,,,,,
2. Подбор персонала,2.5. Первичное интервью,2.5.2. Проведение телефонного интервью (скрининга),"2.5.2.4. Презентация вакансии и компании (персонализированный EVP, с учетом выявленных потребностей)",2.5.2.4.1. Рассказ о компании и корпоративной культуре,Частично,1. Есть процесс в компании_______________________1. Есть процесс в компании,Борискина Е.Н.,Рекрутер______________Рекрутер и СИЦ______________Рекрутер и СИЦ,,,"Офис: 
Масс: 
Первичные:","первичный отбор с помощью AI ассистента, подгружение в базу с диалогами, назначение теплых и соответсвующих рекрутеру в календарь с учетом свободны окон и возможностей кандидата. Проговорить возможность формирование ссылки для интевью в рконые и погружение жтой ссылки во встречу. Далее рекртуер проводит интевью с подробным рассказом о вакансии и выяснению компетенций и соотвествую каниддата профилю заказчика. Интервью проводится на плозадке рконы, резюме интервью разносится в соответсвующие полян и привязывается к карточке кандидата______________0______________","PR31. Набор статусов/этапов по кандидату (отклик, скрининг, интервью рекрутера, интервью заказчика, тест, медосмотр, оффер, выход, отказ и т.п.) с возможностью менять.
PR33. Регистрация факта первичного контакта рекрутера с кандидатом (дата, ключевые вопросы/ответы) до отправки резюме заказчику.
PR35. Место для фиксации обратной связи заказчика по кандидатам и уточнения требований (в заявке/вакансии или карточке кандидата).",,,,,,,,,
2. Подбор персонала,2.5. Первичное интервью,2.5.2. Проведение телефонного интервью (скрининга),2.5.2.5. Презентация вакансии и компании,2.5.2.5.1. Детальное описание позиции и обязанностей,Частично,1. Есть процесс в компании_______________________1. Есть процесс в компании,Борискина Е.Н.,Рекрутер______________Рекрутер и СИЦ______________Рекрутер и СИЦ,,,"Офис: 
Масс: 
Первичные:","первичный отбор с помощью AI ассистента, подгружение в базу с диалогами, назначение теплых и соответсвующих рекрутеру в календарь с учетом свободны окон и возможностей кандидата. Проговорить возможность формирование ссылки для интевью в рконые и погружение жтой ссылки во встречу. Далее рекртуер проводит интевью с подробным рассказом о вакансии и выяснению компетенций и соотвествую каниддата профилю заказчика. Интервью проводится на плозадке рконы, резюме интервью разносится в соответсвующие полян и привязывается к карточке кандидата______________0______________","PR31. Набор статусов/этапов по кандидату (отклик, скрининг, интервью рекрутера, интервью заказчика, тест, медосмотр, оффер, выход, отказ и т.п.) с возможностью менять.
PR33. Регистрация факта первичного контакта рекрутера с кандидатом (дата, ключевые вопросы/ответы) до отправки резюме заказчику.
PR35. Место для фиксации обратной связи заказчика по кандидатам и уточнения требований (в заявке/вакансии или карточке кандидата).",,,,,,,,,
2. Подбор персонала,2.5. Первичное интервью,2.5.2. Проведение телефонного интервью (скрининга),2.5.2.5. Презентация вакансии и компании,2.5.2.5.2. Информирование о команде и руководителе,Частично,1. Есть процесс в компании_______________________1. Есть процесс в компании,Борискина Е.Н.,Рекрутер______________Рекрутер и СИЦ______________Рекрутер и СИЦ,,,"Офис: 
Масс: 
Первичные:","первичный отбор с помощью AI ассистента, подгружение в базу с диалогами, назначение теплых и соответсвующих рекрутеру в календарь с учетом свободны окон и возможностей кандидата. Проговорить возможность формирование ссылки для интевью в рконые и погружение жтой ссылки во встречу. Далее рекртуер проводит интевью с подробным рассказом о вакансии и выяснению компетенций и соотвествую каниддата профилю заказчика. Интервью проводится на плозадке рконы, резюме интервью разносится в соответсвующие полян и привязывается к карточке кандидата______________0______________","PR31. Набор статусов/этапов по кандидату (отклик, скрининг, интервью рекрутера, интервью заказчика, тест, медосмотр, оффер, выход, отказ и т.п.) с возможностью менять.
PR33. Регистрация факта первичного контакта рекрутера с кандидатом (дата, ключевые вопросы/ответы) до отправки резюме заказчику.
PR35. Место для фиксации обратной связи заказчика по кандидатам и уточнения требований (в заявке/вакансии или карточке кандидата).",,,,,,,,,
2. Подбор персонала,2.5. Первичное интервью,2.5.2. Проведение телефонного интервью (скрининга),2.5.2.5. Презентация вакансии и компании,2.5.2.5.3. Описание возможностей развития,Частично,1. Есть процесс в компании_______________________1. Есть процесс в компании,Борискина Е.Н.,Рекрутер______________Рекрутер и СИЦ______________Рекрутер и СИЦ,,,"Офис: 
Масс: 
Первичные:","первичный отбор с помощью AI ассистента, подгружение в базу с диалогами, назначение теплых и соответсвующих рекрутеру в календарь с учетом свободны окон и возможностей кандидата. Проговорить возможность формирование ссылки для интевью в рконые и погружение жтой ссылки во встречу. Далее рекртуер проводит интевью с подробным рассказом о вакансии и выяснению компетенций и соотвествую каниддата профилю заказчика. Интервью проводится на плозадке рконы, резюме интервью разносится в соответсвующие полян и привязывается к карточке кандидата______________0______________","PR31. Набор статусов/этапов по кандидату (отклик, скрининг, интервью рекрутера, интервью заказчика, тест, медосмотр, оффер, выход, отказ и т.п.) с возможностью менять.
PR33. Регистрация факта первичного контакта рекрутера с кандидатом (дата, ключевые вопросы/ответы) до отправки резюме заказчику.
PR35. Место для фиксации обратной связи заказчика по кандидатам и уточнения требований (в заявке/вакансии или карточке кандидата).",,,,,,,,,
2. Подбор персонала,2.5. Первичное интервью,2.5.2. Проведение телефонного интервью (скрининга),2.5.2.6. Принятие решения о следующем этапе,2.5.2.6.1. Определение готовности к следующему этапу,Частично,1. Есть процесс в компании_______________________1. Есть процесс в компании,Борискина Е.Н.,Рекрутер______________Рекрутер и СИЦ______________Рекрутер и СИЦ,,,"Офис: 
Масс: 
Первичные:",по возможности автоматический перевод на след жтап в зависимости от результатов предыдущего______________по возможности автоматический перевод на след жтап в зависимости от результатов предыдущего______________по возможности автоматический перевод на след жтап в зависимости от результатов предыдущего,"PR31. Набор статусов/этапов по кандидату (отклик, скрининг, интервью рекрутера, интервью заказчика, тест, медосмотр, оффер, выход, отказ и т.п.) с возможностью менять.
PR33. Регистрация факта первичного контакта рекрутера с кандидатом (дата, ключевые вопросы/ответы) до отправки резюме заказчику.
PR35. Место для фиксации обратной связи заказчика по кандидатам и уточнения требований (в заявке/вакансии или карточке кандидата).",,,,,,,,,
2. Подбор персонала,2.5. Первичное интервью,2.5.2. Проведение телефонного интервью (скрининга),2.5.2.6. Принятие решения о следующем этапе,2.5.2.6.2. Формирование рекомендаций для экспертного интервью,Частично,1. Есть процесс в компании_______________________1. Есть процесс в компании,Борискина Е.Н.,Рекрутер______________Рекрутер и СИЦ______________Рекрутер и СИЦ,,,"Офис: 
Масс: 
Первичные:",по возможности автоматический перевод на след жтап в зависимости от результатов предыдущего______________по возможности автоматический перевод на след жтап в зависимости от результатов предыдущего______________по возможности автоматический перевод на след жтап в зависимости от результатов предыдущего,"PR31. Набор статусов/этапов по кандидату (отклик, скрининг, интервью рекрутера, интервью заказчика, тест, медосмотр, оффер, выход, отказ и т.п.) с возможностью менять.
PR33. Регистрация факта первичного контакта рекрутера с кандидатом (дата, ключевые вопросы/ответы) до отправки резюме заказчику.
PR35. Место для фиксации обратной связи заказчика по кандидатам и уточнения требований (в заявке/вакансии или карточке кандидата).",,,,,,,,,
2. Подбор персонала,2.5. Первичное интервью,2.5.2. Проведение телефонного интервью (скрининга),2.5.2.6. Принятие решения о следующем этапе,2.5.2.6.3. Внесение решения в систему отслеживания,Частично,1. Есть процесс в компании_______________________1. Есть процесс в компании,Борискина Е.Н.,Рекрутер______________Рекрутер и СИЦ______________Рекрутер и СИЦ,,,"Офис: 
Масс: 
Первичные:",по возможности автоматический перевод на след жтап в зависимости от результатов предыдущего______________по возможности автоматический перевод на след жтап в зависимости от результатов предыдущего______________по возможности автоматический перевод на след жтап в зависимости от результатов предыдущего,"PR31. Набор статусов/этапов по кандидату (отклик, скрининг, интервью рекрутера, интервью заказчика, тест, медосмотр, оффер, выход, отказ и т.п.) с возможностью менять.
PR33. Регистрация факта первичного контакта рекрутера с кандидатом (дата, ключевые вопросы/ответы) до отправки резюме заказчику.
PR35. Место для фиксации обратной связи заказчика по кандидатам и уточнения требований (в заявке/вакансии или карточке кандидата).",,,,,,,,,
2. Подбор персонала,2.5. Первичное интервью,2.5.2. Проведение телефонного интервью (скрининга),2.5.2.6. Принятие решения о следующем этапе,2.5.2.6.4. Информирование кандидата о результатах и следующих шагах,Частично,1. Есть процесс в компании_______________________1. Есть процесс в компании,Борискина Е.Н.,Рекрутер______________Рекрутер и СИЦ______________Рекрутер и СИЦ,,,"Офис: 
Масс: 
Первичные:",по возможности автоматический перевод на след жтап в зависимости от результатов предыдущего______________по возможности автоматический перевод на след жтап в зависимости от результатов предыдущего______________по возможности автоматический перевод на след жтап в зависимости от результатов предыдущего,"PR31. Набор статусов/этапов по кандидату (отклик, скрининг, интервью рекрутера, интервью заказчика, тест, медосмотр, оффер, выход, отказ и т.п.) с возможностью менять.
PR33. Регистрация факта первичного контакта рекрутера с кандидатом (дата, ключевые вопросы/ответы) до отправки резюме заказчику.
PR35. Место для фиксации обратной связи заказчика по кандидатам и уточнения требований (в заявке/вакансии или карточке кандидата).",,,,,,,,,
2. Подбор персонала,2.5. Первичное интервью,2.5.2. Проведение телефонного интервью (скрининга),2.5.2.7. Заполнение оценочной формы,2.5.2.7.1. Фиксация ответов кандидата на ключевые вопросы,Частично,3. Процесса нет_______________________3. Процесса нет,Борискина Е.Н.,Рекрутер______________Рекрутер и СИЦ______________Рекрутер и СИЦ,"Формы для заполнения нет; 
Будет профиль должности, форма видится как некий чек этих компетенций (в формате ""Есть-Нет"")",,"Офис: нет проблем
Масс: 
Первичные:","рекрутер созванивается/списывается с кандидатом проставляет статус в ЛК самоотказ (указывает причину отказа), кандидат (думает), после направляется кандидату (2 дня) пуш уведомления с напоминанием с вопросом о его решении), кандидат одобрен - проводим интервью с рекрутером.______________0______________","PR31. Набор статусов/этапов по кандидату (отклик, скрининг, интервью рекрутера, интервью заказчика, тест, медосмотр, оффер, выход, отказ и т.п.) с возможностью менять.
PR33. Регистрация факта первичного контакта рекрутера с кандидатом (дата, ключевые вопросы/ответы) до отправки резюме заказчику.
PR35. Место для фиксации обратной связи заказчика по кандидатам и уточнения требований (в заявке/вакансии или карточке кандидата).",,,,,,,,,
2. Подбор персонала,2.5. Первичное интервью,2.5.2. Проведение телефонного интервью (скрининга),2.5.2.7. Заполнение оценочной формы,2.5.2.7.2. Оценка по установленным критериям,Частично,3. Процесса нет_______________________3. Процесса нет,Борискина Е.Н.,Рекрутер______________Рекрутер и СИЦ______________Рекрутер и СИЦ,,,"Офис: нет проблем
Масс: 
Первичные:","рекрутер созванивается/списывается с кандидатом проставляет статус в ЛК самоотказ (указывает причину отказа), кандидат (думает), после направляется кандидату (2 дня) пуш уведомления с напоминанием с вопросом о его решении), кандидат одобрен - проводим интервью с рекрутером.______________0______________","PR31. Набор статусов/этапов по кандидату (отклик, скрининг, интервью рекрутера, интервью заказчика, тест, медосмотр, оффер, выход, отказ и т.п.) с возможностью менять.
PR33. Регистрация факта первичного контакта рекрутера с кандидатом (дата, ключевые вопросы/ответы) до отправки резюме заказчику.
PR35. Место для фиксации обратной связи заказчика по кандидатам и уточнения требований (в заявке/вакансии или карточке кандидата).",,,,,,,,,
